barcode,GRCh38,mm10,call
AAACCCAAGGAGAGTA-1,8254,8,GRCh38
AAACGCTTCAGCCCAG-1,5491,5,GRCh38
AAAGAACAGACGACTG-1,4269,1,GRCh38
AAAGAACCAATGGCAG-1,2747,5,GRCh38
AAAGAACGTCTGCAAT-1,6580,5,GRCh38
AAAGGATAGTAGACAT-1,8816,6,GRCh38
AAAGGATCACCGGCTA-1,5324,8,GRCh38
AAAGGATTCAGCTTGA-1,12619,7,GRCh38
AAAGGATTCCGTTTCG-1,15874,5,GRCh38
AAAGGGCTCATGCCCT-1,7235,4,GRCh38
AAAGGGCTCCGTAGGC-1,5842,4,GRCh38
AAAGGTACAACTGCTA-1,10517,5,GRCh38
AAAGTCCAGCGGGTTA-1,7401,4,GRCh38
AAAGTCCAGTCAACAA-1,1148,1,GRCh38
AAAGTCCCACCAGCCA-1,14744,10,Multiplet
AAAGTGATCGTACACA-1,5058,3,GRCh38
AAATGGAAGCCGCTTG-1,13541,9,GRCh38
AAATGGACAATGCTCA-1,12894,10,Multiplet
AAATGGAGTACCGCGT-1,17762,9,GRCh38
AAATGGATCCTATTTG-1,4645,5,GRCh38
AACAAAGGTGATGAAT-1,7473,2,GRCh38
AACAACCAGTAGTCCT-1,2761,0,GRCh38
AACAACCCACGCTATA-1,6426,4,GRCh38
AACAAGAGTTATAGAG-1,11414,7,GRCh38
AACAGGGGTGGGAGAG-1,6512,7,GRCh38
AACCAACAGCTTGTTG-1,4037,2,GRCh38
AACCCAACAACTGATC-1,4658,3,GRCh38
AACCCAAGTGGGCTTC-1,6652,4,GRCh38
AACCCAATCTTACCGC-1,4250,3,GRCh38
AACCTGACATCCTATT-1,11412,15,Multiplet
AACCTTTGTTTCGGCG-1,2590,4,GRCh38
AACGAAAAGGTTGGTG-1,5293,0,GRCh38
AACGAAACAATGTCTG-1,557,6,GRCh38
AACGAAACAGCGTTTA-1,3832,2,GRCh38
AACGAAATCCATTTAC-1,3461,1,GRCh38
AACGGGAGTCGCTCGA-1,16796,12,Multiplet
AACGTCAAGACGCCCT-1,9999,4,GRCh38
AAGAACAAGACCATTC-1,5189,5,GRCh38
AAGAACAAGCCTCAGC-1,16644,58,Multiplet
AAGAACATCTTGCAAG-1,8151,5,GRCh38
AAGACAACACTTCAGA-1,13374,11,Multiplet
AAGACAACAGATCACT-1,19847,24,Multiplet
AAGACAACAGTAGATA-1,562,1,GRCh38
AAGACAATCCGCGAGT-1,7191,5,GRCh38
AAGACTCGTGACGTCC-1,807,0,GRCh38
AAGCATCAGGTCCGAA-1,6594,2,GRCh38
AAGCATCCAGTCTTCC-1,15899,40,Multiplet
AAGCGTTCACTGATTG-1,16652,19,Multiplet
AAGCGTTTCGCTATTT-1,8185,6,GRCh38
AAGGTAAAGGAAGTAG-1,5386,6,GRCh38
AAGGTAAAGGCCACCT-1,8047,6,GRCh38
AAGGTAAGTCCTTAAG-1,7787,7,GRCh38
AAGTACCAGCGCCTTG-1,6313,3,GRCh38
AAGTACCAGCTCCATA-1,6496,6,GRCh38
AAGTACCCAAAGAACT-1,7477,8,GRCh38
AAGTGAACATCAGCAT-1,6039,2,GRCh38
AAGTGAATCGGAAGGT-1,14154,12,Multiplet
AAGTTCGAGGATACAT-1,7518,3,GRCh38
AAGTTCGGTCAACACT-1,12230,9,GRCh38
AATCACGAGGCTCTAT-1,1339,3,GRCh38
AATCGACAGTATGTAG-1,1987,2,GRCh38
AATCGACGTGAGACGT-1,8738,25,Multiplet
AATGAAGCAGTATGAA-1,4403,3,GRCh38
AATGACCGTGTCATCA-1,16242,29,Multiplet
AATGGAACACTCATAG-1,9875,4,GRCh38
AATGGAATCTGATGGT-1,10398,4,GRCh38
AATGGCTAGGACGGAG-1,1196,1,GRCh38
AATTCCTTCCATTGGA-1,15042,9,GRCh38
ACAAAGAAGCCTCAAT-1,10527,5,GRCh38
ACAAAGAGTTCCATTT-1,5850,7,GRCh38
ACAACCATCTATCCAT-1,3158,2,GRCh38
ACAACCATCTGCCCTA-1,9195,1,GRCh38
ACAAGCTGTAGGTCAG-1,6136,2,GRCh38
ACACCAAAGAGTCAGC-1,7038,8,GRCh38
ACACGCGGTGTTGCCG-1,8409,34,Multiplet
ACACGCGTCACCTCGT-1,4311,4,GRCh38
ACACGCGTCGCCGTGA-1,5542,2,GRCh38
ACACTGATCACTGATG-1,5413,3,GRCh38
ACACTGATCTTTCCGG-1,5012,4,GRCh38
ACAGAAAAGTATTAGG-1,6725,4,GRCh38
ACAGAAACACCAGCGT-1,6656,8,GRCh38
ACAGCCGTCGCTGTTC-1,4871,2,GRCh38
ACATCCCCACAAATGA-1,2309,1,GRCh38
ACATCCCGTAAGATTG-1,7753,3,GRCh38
ACATCGATCTAAGAAG-1,5764,4,GRCh38
ACATCGATCTGAGAGG-1,4691,8,GRCh38
ACATCGATCTTGGGCG-1,7917,8,GRCh38
ACATGCAGTTGCTTGA-1,5650,5,GRCh38
ACATTTCGTGCCGAAA-1,6131,4,GRCh38
ACATTTCGTTTCTTAC-1,5811,3,GRCh38
ACCACAAAGGCCTTGC-1,8277,5,GRCh38
ACCACAAAGGTTAGTA-1,692,1,GRCh38
ACCACAAGTCTGTGGC-1,4564,22,Multiplet
ACCATTTCATTGGGAG-1,6469,5,GRCh38
ACCCAAAAGCCACAAG-1,656,0,GRCh38
ACCCAAAGTTGGGAAC-1,8391,9,GRCh38
ACCCTTGGTATCGTAC-1,7083,10,Multiplet
ACCCTTGTCATTTCGT-1,7815,8,GRCh38
ACCTACCCAACGGTAG-1,7497,4,GRCh38
ACCTGAACATGAGAAT-1,8397,4,GRCh38
ACCTGTCTCAAGTCTG-1,7880,4,GRCh38
ACCTGTCTCTCAACGA-1,16400,15,Multiplet
ACGATCAGTCGTTCAA-1,7736,4,GRCh38
ACGATCATCCACGGAC-1,6320,2,GRCh38
ACGATCATCCGTTGGG-1,7619,5,GRCh38
ACGCACGAGAGAGTGA-1,3248,3,GRCh38
ACGGTCGTCACTACGA-1,7893,3,GRCh38
ACGGTTAAGTGCTCAT-1,5998,5,GRCh38
ACGTAACAGGTGCTTT-1,7694,7,GRCh38
ACGTAACTCATATGGC-1,4686,2,GRCh38
ACGTAACTCTTCGATT-1,5268,6,GRCh38
ACGTACAAGCTGTTCA-1,5568,11,Multiplet
ACGTACACAAAGCTCT-1,16755,17,Multiplet
ACGTACACAGACGATG-1,4953,2,GRCh38
ACGTAGTCACGCCACA-1,5548,16,Multiplet
ACGTAGTCATTAGGAA-1,4809,1,GRCh38
ACGTTCCGTGGGTCAA-1,3921,0,GRCh38
ACTATCTGTGTGTACT-1,8471,5,GRCh38
ACTATGGAGAAATCCA-1,10065,9,GRCh38
ACTCCCAAGGTTGGTG-1,5444,6,GRCh38
ACTCCCATCGTCCTCA-1,7701,4,GRCh38
ACTGATGAGCAGCGAT-1,5153,1,GRCh38
ACTGATGCACCAGCCA-1,6404,11,Multiplet
ACTGTGACAACTCGAT-1,9518,8,GRCh38
ACTTATCTCTAAGGAA-1,17675,27,Multiplet
ACTTCGCAGAACCGCA-1,5811,5,GRCh38
ACTTCGCGTACTCCGG-1,5274,24,Multiplet
ACTTTCAAGTATGACA-1,5112,2,GRCh38
ACTTTCACAAGCGAAC-1,1517,4,GRCh38
ACTTTCAGTACGCGTC-1,9853,2,GRCh38
AGAAATGTCATTCGTT-1,3877,34,Multiplet
AGAAGCGGTCTAGATC-1,9120,6,GRCh38
AGAAGCGTCTGCGTCT-1,10999,9,GRCh38
AGACAAAGTAGCTTGT-1,13111,7,GRCh38
AGACACTCAAGTCGTT-1,3535,5,GRCh38
AGACCATCATTACTCT-1,5257,6,GRCh38
AGACTCATCAACGCTA-1,8793,4,GRCh38
AGACTCATCAGAGCGA-1,13710,62,Multiplet
AGAGAATAGAGGGTCT-1,6256,2,GRCh38
AGAGAATCACCCAACG-1,8597,6,GRCh38
AGAGAGCAGTTGTCGT-1,4656,7,GRCh38
AGAGCAGGTCATAAAG-1,4534,6,GRCh38
AGAGCAGGTTGAGTCT-1,5890,5,GRCh38
AGAGCAGTCGCGCTGA-1,6014,5,GRCh38
AGAGCCCGTCACTCGG-1,8248,5,GRCh38
AGATAGAGTGACACGA-1,6510,0,GRCh38
AGATCGTCAGGACTTT-1,6377,3,GRCh38
AGATGAACAGGCACAA-1,5699,2,GRCh38
AGATGCTGTACGGTTT-1,3975,5,GRCh38
AGATGCTGTGTGGTCC-1,6313,3,GRCh38
AGCATCAGTCGGTGTC-1,12299,13,Multiplet
AGCATCAGTGGTCCGT-1,7161,3,GRCh38
AGCCAATAGTCCCTAA-1,10959,8,GRCh38
AGCCACGCAGGTTCGC-1,7274,2,GRCh38
AGCCACGGTTCCGCGA-1,11531,13,Multiplet
AGCCACGTCCGAGAAG-1,3181,6,GRCh38
AGCCAGCGTAATGCGG-1,6569,6,GRCh38
AGCCAGCGTAGTTAGA-1,12013,52,Multiplet
AGCGTATCATATGCGT-1,961,0,GRCh38
AGCGTATTCAGTGGGA-1,4100,2,GRCh38
AGCGTCGCATTGACCA-1,5508,4,GRCh38
AGCGTCGTCCTTATCA-1,507,0,GRCh38
AGCTACACAGTCGGAA-1,6782,8,GRCh38
AGCTACAGTCGTTTCC-1,5023,1,GRCh38
AGGAAATTCACCATGA-1,12341,7,GRCh38
AGGAATACAAACTCGT-1,8453,2,GRCh38
AGGAATATCATTACGG-1,6119,7,GRCh38
AGGACGAAGACCTTTG-1,5677,5,GRCh38
AGGACGAAGATTAGTG-1,8263,3,GRCh38
AGGACGATCACTGATG-1,10146,12,Multiplet
AGGACGATCCAGTACA-1,7141,7,GRCh38
AGGACTTTCCTACCAC-1,4105,2,GRCh38
AGGAGGTAGGTCACAG-1,1017,1,GRCh38
AGGATAAAGAACAAGG-1,7770,4,GRCh38
AGGCCACAGGGCCAAT-1,16505,15,Multiplet
AGGCTGCAGGGCTTCC-1,5752,16,Multiplet
AGGCTGCGTGTGTGTT-1,4356,4,GRCh38
AGGGAGTCACCATTCC-1,767,0,GRCh38
AGGGAGTGTGTCGCTG-1,5776,2,GRCh38
AGGGCTCCAATACGCT-1,5881,5,GRCh38
AGGGTCCCAGGACATG-1,4155,4,GRCh38
AGGGTCCCAGTAGTTC-1,4915,2,GRCh38
AGGGTTTCAGCGTGCT-1,9689,13,Multiplet
AGGTAGGAGGAAGTAG-1,6577,6,GRCh38
AGGTAGGCAAAGCGTG-1,13373,11,Multiplet
AGGTCATTCAAGTCGT-1,4749,4,GRCh38
AGGTGTTCATTAAGCC-1,10211,3,GRCh38
AGGTGTTGTCGATTAC-1,5692,12,Multiplet
AGGTGTTTCAATGCAC-1,6133,3,GRCh38
AGGTGTTTCGTTACCC-1,5898,10,Multiplet
AGGTTACAGGTGCGAT-1,8188,10,Multiplet
AGGTTACGTCTGATAC-1,11341,6,GRCh38
AGTAACCCAAGCTCTA-1,4878,2,GRCh38
AGTAACCTCGTTGTAG-1,6821,3,GRCh38
AGTACCAGTGGGTCAA-1,11454,5,GRCh38
AGTACCATCAGCTTGA-1,5445,4,GRCh38
AGTAGCTAGGAGTACC-1,7045,7,GRCh38
AGTAGCTCACTGCTTC-1,966,4,GRCh38
AGTAGCTCAGGCACTC-1,4229,7,GRCh38
AGTAGCTGTTAGAAAC-1,8669,7,GRCh38
AGTAGTCGTATGACAA-1,8743,3,GRCh38
AGTCAACAGTCATGCT-1,10885,19,Multiplet
AGTCAACGTACACGCC-1,11417,6,GRCh38
AGTCACATCTCCCATG-1,1277,8,GRCh38
AGTCTCCCAACCGTGC-1,8438,4,GRCh38
AGTCTCCGTGAGTCAG-1,5511,7,GRCh38
AGTGCCGCATCTGGGC-1,7270,8,GRCh38
AGTTAGCAGTCAGGGT-1,5402,3,GRCh38
AGTTAGCGTACCATAC-1,5638,7,GRCh38
AGTTAGCGTTCATCGA-1,5544,4,GRCh38
AGTTCCCCAAACAGGC-1,5443,2,GRCh38
AGTTCCCGTTACACTG-1,5654,9,GRCh38
AGTTCGAGTATGCGTT-1,4075,5,GRCh38
ATACCGACACACGGTC-1,8131,5,GRCh38
ATACTTCGTACGACTT-1,14561,15,Multiplet
ATACTTCGTTCGGTAT-1,6899,5,GRCh38
ATACTTCTCAGCTGAT-1,9655,7,GRCh38
ATACTTCTCGCCGTGA-1,4767,8,GRCh38
ATAGACCTCCGCTTAC-1,4348,3,GRCh38
ATAGGCTGTGTTACAC-1,6395,5,GRCh38
ATATCCTGTATGAGCG-1,5372,17,Multiplet
ATCACAGAGACGTCCC-1,14710,11,Multiplet
ATCACAGCATGACGTT-1,9012,26,Multiplet
ATCACGATCCGCAACG-1,4471,2,GRCh38
ATCACTTGTGGCTGCT-1,16766,14,Multiplet
ATCCACCCAGCAGTGA-1,5222,5,GRCh38
ATCCACCCATGTCTAG-1,5376,2,GRCh38
ATCCACCGTTTGTTGG-1,15293,14,Multiplet
ATCCATTAGACGCAGT-1,5458,4,GRCh38
ATCCCTGCAATTTCTC-1,6545,3,GRCh38
ATCCGTCCAACTCCCT-1,6131,29,Multiplet
ATCCTATGTCTGTGCG-1,4618,3,GRCh38
ATCGATGCAACGGCTC-1,6273,6,GRCh38
ATCGATGGTCAATCTG-1,7002,5,GRCh38
ATCGGATAGGAAAGGT-1,7904,3,GRCh38
ATCGGCGAGTCCTACA-1,2550,6,GRCh38
ATCGTAGCATCGGAGA-1,3806,0,GRCh38
ATCGTCCAGCCTGAAG-1,13422,6,GRCh38
ATCGTCCGTATGAGGC-1,10545,5,GRCh38
ATCGTCCTCGGAGCAA-1,10437,3,GRCh38
ATCGTGAAGCAGATAT-1,4936,2,GRCh38
ATCTCTACAAGAAACT-1,14917,14,Multiplet
ATCTCTAGTCGTGGTC-1,4085,4,GRCh38
ATCTTCAAGAAGAGCA-1,4386,6,GRCh38
ATCTTCACATACTGAC-1,6977,2,GRCh38
ATCTTCAGTCTCTCCA-1,5964,4,GRCh38
ATCTTCATCTCATAGG-1,5937,6,GRCh38
ATGAAAGTCCTTATGT-1,9058,7,GRCh38
ATGACCAAGGCTAACG-1,11754,10,Multiplet
ATGACCACAATATCCG-1,7878,2,GRCh38
ATGAGTCTCCAGTTCC-1,6508,6,GRCh38
ATGATCGGTCGAACAG-1,4965,3,GRCh38
ATGCGATGTGCTCTTC-1,4684,16,Multiplet
ATGCGATGTTGTAGCT-1,4114,4,GRCh38
ATGGAGGGTGTTTACG-1,1873,0,GRCh38
ATGGATCGTAGATTGA-1,9610,8,GRCh38
ATGGATCTCGACCTAA-1,3935,4,GRCh38
ATGGGAGAGACGTCCC-1,7809,4,GRCh38
ATGGGAGCACTCCGGA-1,18923,52,Multiplet
ATGGGAGTCCACTGAA-1,7895,4,GRCh38
ATGGGAGTCCCATACC-1,1206,1,GRCh38
ATGGTTGTCACGGAGA-1,11552,25,Multiplet
ATGTCCCCAGGAATCG-1,4272,1,GRCh38
ATGTCCCCATAGGTTC-1,7936,7,GRCh38
ATGTCCCGTCCTACGG-1,12389,5,GRCh38
ATGTCTTAGATGGCGT-1,607,0,GRCh38
ATTACTCCAGCTTTGA-1,6812,10,Multiplet
ATTACTCGTTGCAACT-1,8869,5,GRCh38
ATTCACTAGAAGGCTC-1,7365,9,GRCh38
ATTCACTTCTCCGCAT-1,4859,5,GRCh38
ATTCAGGCAAGTATCC-1,5958,4,GRCh38
ATTCAGGCATAGCTGT-1,15063,8,GRCh38
ATTCAGGTCTTCGTGC-1,6586,3,GRCh38
ATTCCATCACGACTAT-1,2924,1,GRCh38
ATTCCCGAGTCACTCA-1,6794,5,GRCh38
ATTCCTACATGAGATA-1,8967,9,GRCh38
ATTCGTTCAGTCTTCC-1,8359,6,GRCh38
ATTCGTTGTAACACCT-1,9439,3,GRCh38
ATTCGTTGTGTAGCAG-1,20721,10,Multiplet
ATTCGTTGTGTTCAGT-1,7034,8,GRCh38
ATTCGTTGTTCTTGTT-1,8189,1,GRCh38
ATTCTACTCTCGTGAA-1,7082,6,GRCh38
ATTCTTGAGTTCCAGT-1,2148,3,GRCh38
ATTCTTGGTACAATAG-1,5869,7,GRCh38
ATTTCACAGTGCAAAT-1,9482,10,Multiplet
ATTTCACGTGGATACG-1,13981,10,Multiplet
ATTTCTGCAAGGTCTT-1,17159,2,GRCh38
ATTTCTGGTATCCTCC-1,7362,1,GRCh38
ATTTCTGTCGATGCAT-1,7056,3,GRCh38
ATTTCTGTCGGCCAAC-1,9774,7,GRCh38
CAAAGAACACATATCG-1,5268,4,GRCh38
CAAAGAACAGCTGTTA-1,6886,6,GRCh38
CAAAGAAGTTCTCCCA-1,8201,3,GRCh38
CAACAACTCGATACTG-1,4524,4,GRCh38
CAACAGTCATCCGTTC-1,7146,5,GRCh38
CAACAGTTCGAGCACC-1,6103,5,GRCh38
CAACCAAGTTAGAAAC-1,3458,1,GRCh38
CAACCAATCCGCTTAC-1,630,0,GRCh38
CAACCTCGTATCGGTT-1,6467,6,GRCh38
CAACGATAGACGGAAA-1,13392,6,GRCh38
CAACGATAGCCTAGGA-1,12983,14,Multiplet
CAACGATCAAAGCACG-1,6992,5,GRCh38
CAACGATTCAAGCCCG-1,10265,2,GRCh38
CAAGACTAGTGGAAAG-1,8242,5,GRCh38
CAAGACTTCAATCGGT-1,15801,12,Multiplet
CAAGAGGTCTTCACGC-1,15973,15,Multiplet
CAAGCTAGTGGCTGCT-1,18603,12,Multiplet
CAAGCTATCCAAGGGA-1,538,0,GRCh38
CAAGGGAAGAGTCGAC-1,7490,4,GRCh38
CAATACGAGGCAGCTA-1,1891,1,GRCh38
CAATACGTCTCGACCT-1,715,0,GRCh38
CAATCGAAGAGGATCC-1,8150,5,GRCh38
CAATCGATCCGTACGG-1,6077,6,GRCh38
CAATGACTCAAGCCCG-1,9419,4,GRCh38
CAATTTCAGATTGCGG-1,6262,10,Multiplet
CACACAACAAGAAACT-1,7496,5,GRCh38
CACACAACACGAGGAT-1,4296,3,GRCh38
CACAGATCACTCCGAG-1,10425,7,GRCh38
CACAGATCATCATGAC-1,5792,6,GRCh38
CACAGATGTTCCGTTC-1,10023,3,GRCh38
CACAGGCCAACGATCT-1,7586,42,Multiplet
CACATGAGTTTCGACA-1,6302,1,GRCh38
CACCAAAAGGACATCG-1,13068,5,GRCh38
CACCGTTCACCCTAGG-1,7811,5,GRCh38
CACGAATCACATAGCT-1,9540,12,Multiplet
CACGAATTCAAGTCGT-1,8242,4,GRCh38
CACGGGTAGCATTTGC-1,15240,20,Multiplet
CACGGGTTCCCGATCT-1,5237,8,GRCh38
CACGTTCCAGCTTCCT-1,13082,14,Multiplet
CACGTTCTCTATCACT-1,11536,7,GRCh38
CACTAAGGTGATAGTA-1,6949,3,GRCh38
CACTGAAGTCTTTCTA-1,6447,4,GRCh38
CACTGAATCCTGATAG-1,20958,10,Multiplet
CACTGGGAGGCGACAT-1,12159,14,Multiplet
CACTGGGAGTTACTCG-1,7331,3,GRCh38
CACTGGGGTCGCACAC-1,16588,28,Multiplet
CACTGTCCACATATGC-1,8245,25,Multiplet
CACTTCGTCACCTACC-1,19654,18,Multiplet
CAGAGCCGTGCCCGTA-1,5036,4,GRCh38
CAGATACTCGTTCCCA-1,6461,6,GRCh38
CAGATTGAGAACGTGC-1,7411,10,Multiplet
CAGATTGAGCTGAGCA-1,7018,1,GRCh38
CAGATTGGTGACTAAA-1,8936,6,GRCh38
CAGCAATGTATCGTTG-1,11841,5,GRCh38
CAGCAGCTCAGAGTTC-1,4918,1,GRCh38
CAGCCAGGTGGGTTGA-1,11406,12,Multiplet
CAGCGTGTCCATCACC-1,5663,17,Multiplet
CAGGCCAGTTCAATCG-1,11584,7,GRCh38
CAGGCCATCACTCACC-1,2654,7,GRCh38
CAGGCCATCCACTAGA-1,8101,9,GRCh38
CAGGGCTAGATTGGGC-1,5895,7,GRCh38
CAGGGCTTCGACGAGA-1,17905,8,GRCh38
CAGGTATGTCAGTCTA-1,23598,62,Multiplet
CAGGTATGTGTAAATG-1,6128,6,GRCh38
CAGTTCCCAATCGTCA-1,5203,7,GRCh38
CATAAGCGTAGCGCTC-1,7912,4,GRCh38
CATAAGCTCCGTGTGG-1,10529,3,GRCh38
CATACTTTCAACGAGG-1,6358,6,GRCh38
CATAGACCATCTCAAG-1,1156,0,GRCh38
CATAGACGTACCTTCC-1,1369,1,GRCh38
CATCAAGAGCGCCGTT-1,3164,2,GRCh38
CATCAAGGTATGGTTC-1,7953,16,Multiplet
CATCAAGGTCTAACTG-1,1684,3,GRCh38
CATCAAGGTTGTCCCT-1,4631,13,Multiplet
CATCCGTGTATCGCTA-1,7206,8,GRCh38
CATCGCTTCTTTGCAT-1,605,0,GRCh38
CATCGGGTCGCTACAA-1,4307,5,GRCh38
CATCGTCTCCGTTGAA-1,13835,11,Multiplet
CATGAGTCACCATTCC-1,6554,4,GRCh38
CATGCCTCAATTGCTG-1,7135,5,GRCh38
CATGCCTCAGGCTATT-1,5973,5,GRCh38
CATGCCTGTTCCGCAG-1,12613,17,Multiplet
CATGCTCGTCTCTCAC-1,2142,2,GRCh38
CATTCTAGTAGCTTGT-1,8028,5,GRCh38
CATTCTATCAGTAGGG-1,11174,7,GRCh38
CATTGAGAGGGACCAT-1,13087,11,Multiplet
CATTTCATCTCTCTTC-1,15223,12,Multiplet
CCAAGCGAGCTAATCC-1,4915,4,GRCh38
CCAAGCGAGGTTCATC-1,7831,4,GRCh38
CCAATGAAGGTCACTT-1,4953,14,Multiplet
CCAATTTCAAAGGCTG-1,7623,5,GRCh38
CCAATTTCATTCGATG-1,5436,7,GRCh38
CCACACTCAGGACTTT-1,15360,13,Multiplet
CCACCATAGGTCATCT-1,4995,2,GRCh38
CCACGAGGTAATCAAG-1,575,0,GRCh38
CCACGAGTCTTCCTAA-1,12352,9,GRCh38
CCACGTTTCATCAGTG-1,8437,35,Multiplet
CCACGTTTCGTGAGAG-1,6529,6,GRCh38
CCACGTTTCTGCTGAA-1,11170,13,Multiplet
CCACTTGCAGCTATTG-1,4187,4,GRCh38
CCACTTGTCGCAGAGA-1,14552,9,GRCh38
CCATAAGGTGAGGAAA-1,9641,14,Multiplet
CCATCACAGTGGTGAC-1,583,0,GRCh38
CCATCACCATTAAAGG-1,7694,6,GRCh38
CCATCACTCTAACACG-1,8343,3,GRCh38
CCCGGAATCAAACCCA-1,5520,3,GRCh38
CCCTAACCAGGTTCGC-1,7476,7,GRCh38
CCCTAACGTAACTGCT-1,14785,14,Multiplet
CCCTTAGGTTTCCAAG-1,5754,4,GRCh38
CCGAACGAGCTAAGTA-1,4175,3,GRCh38
CCGAACGAGGAACGCT-1,17165,13,Multiplet
CCGATCTGTGGAGGTT-1,9013,7,GRCh38
CCGATGGGTTCTCGCT-1,23483,18,Multiplet
CCGATGGTCACCTCTG-1,4510,4,GRCh38
CCGATGGTCTGTCGCT-1,8560,8,GRCh38
CCGCAAGCATTCAGGT-1,6854,2,GRCh38
CCGCAAGGTACCAGAG-1,5801,2,GRCh38
CCGGACAGTGATACCT-1,12624,15,Multiplet
CCGGGTACACTCCGAG-1,14734,7,GRCh38
CCGGGTACATACCAGT-1,1502,1,GRCh38
CCGGTAGGTAGTACGG-1,3898,1,GRCh38
CCGTAGGGTTCCCACT-1,4952,3,GRCh38
CCGTAGGTCATACAGC-1,5382,4,GRCh38
CCGTGAGAGAGGTCAC-1,6126,3,GRCh38
CCGTGAGTCGCCTTTG-1,3522,3,GRCh38
CCGTTCACAGAAGCTG-1,2772,5,GRCh38
CCTAAGAAGACTCTAC-1,15876,18,Multiplet
CCTATCGAGACAGCGT-1,12466,9,GRCh38
CCTCAACTCTTAGCCC-1,7058,3,GRCh38
CCTCAGTAGCAAGGAA-1,1580,0,GRCh38
CCTCAGTCATGATGCT-1,7218,8,GRCh38
CCTCAGTTCCGAGCTG-1,6301,5,GRCh38
CCTCATGCACTATGTG-1,5882,5,GRCh38
CCTCATGGTTTCGCTC-1,9393,12,Multiplet
CCTCATGTCTCTCAAT-1,10839,9,GRCh38
CCTCCAAAGGCCCGTT-1,22069,151,Multiplet
CCTCCAACAACCCTCT-1,4869,5,GRCh38
CCTCCAACACAATGAA-1,6895,7,GRCh38
CCTCCTCAGTCCCGAC-1,5441,6,GRCh38
CCTCCTCCATTCAGGT-1,6821,5,GRCh38
CCTCCTCTCAAGCGTT-1,6983,5,GRCh38
CCTCTAGCAGACCTAT-1,10101,5,GRCh38
CCTCTCCGTGTGCTTA-1,1275,0,GRCh38
CCTCTCCTCGTTCCTG-1,14601,12,Multiplet
CCTGCATAGTGGTGAC-1,17687,5,GRCh38
CCTGCATCAACGGGTA-1,6135,8,GRCh38
CCTGCATGTTCTTAGG-1,7555,8,GRCh38
CCTGTTGGTGTGCCTG-1,12822,11,Multiplet
CCTGTTGTCAAGAGTA-1,4325,3,GRCh38
CCTTCAGAGGAACGTC-1,3615,0,GRCh38
CCTTCAGCACAGAGCA-1,13298,5,GRCh38
CGAAGGATCGACGCGT-1,6857,6,GRCh38
CGAATTGGTCTGTTAG-1,7571,7,GRCh38
CGAGAAGTCAAGTTGC-1,56550,23,Multiplet
CGAGAAGTCCAATGCA-1,21971,69,Multiplet
CGAGGAAAGTCGCGAA-1,6249,2,GRCh38
CGAGGAACACTGATTG-1,7876,6,GRCh38
CGAGGAAGTCCTGGGT-1,2620,87,Multiplet
CGAGGCTCAGATCACT-1,4772,1,GRCh38
CGAGGCTCAGCATGCC-1,7035,7,GRCh38
CGAGTGCGTTCCGCGA-1,8914,5,GRCh38
CGAGTTAGTCGAGTTT-1,7273,3,GRCh38
CGATCGGCAATTGGTC-1,6266,6,GRCh38
CGATCGGCAGCGTGAA-1,5599,9,GRCh38
CGATGCGAGCAGAAAG-1,6170,4,GRCh38
CGATGCGTCGAACCAT-1,4398,4,GRCh38
CGATGGCCACTCGATA-1,9828,6,GRCh38
CGATGGCGTAGCGTCC-1,8014,6,GRCh38
CGCAGGTGTGCTTCAA-1,3853,0,GRCh38
CGCATAAAGTGATGGC-1,13556,26,Multiplet
CGCATGGAGGCCACTC-1,1204,0,GRCh38
CGCGTGAGTACAATAG-1,4383,6,GRCh38
CGGAACCGTATCACGT-1,6613,4,GRCh38
CGGAACCGTTTGCAGT-1,7294,10,Multiplet
CGGACACAGGACAGCT-1,10244,6,GRCh38
CGGGACTGTTTCACTT-1,6563,9,GRCh38
CGGGTGTTCCGTGACG-1,11771,12,Multiplet
CGTAAGTGTGATAGTA-1,7747,3,GRCh38
CGTAGTATCAGCCCAG-1,3534,3,GRCh38
CGTCAAACAGAATGTA-1,6290,4,GRCh38
CGTCCATGTTTGGAAA-1,5912,1,GRCh38
CGTGAATAGTCGGCCT-1,6038,2,GRCh38
CGTGATATCTGGTGGC-1,941,2,GRCh38
CGTGCTTAGCTTTGTG-1,7972,8,GRCh38
CGTGCTTCAAGCGCTC-1,13122,12,Multiplet
CGTGCTTGTTTAGACC-1,6321,16,Multiplet
CGTGTCTCACAGTACT-1,6486,7,GRCh38
CGTGTCTCATGGGTTT-1,5836,3,GRCh38
CGTGTCTGTCAGTTTG-1,7966,6,GRCh38
CGTTAGATCAGCCTCT-1,12148,4,GRCh38
CGTTAGATCATTATCC-1,18945,22,Multiplet
CGTTAGATCCAAGAGG-1,3404,0,GRCh38
CGTTCTGTCAGCGCAC-1,5425,1,GRCh38
CGTTCTGTCCCGAACG-1,4391,1,GRCh38
CTAACCCAGCCGCTTG-1,3711,0,GRCh38
CTAACCCCACTTCAAG-1,7031,8,GRCh38
CTAACTTAGCCTCACG-1,2348,4,GRCh38
CTAAGTGCACAATGCT-1,7545,1,GRCh38
CTAAGTGGTCCACTCT-1,6453,3,GRCh38
CTACAGACAACAAAGT-1,43962,17,Multiplet
CTACAGACAGGAATAT-1,2061,4,GRCh38
CTACAGATCAGGAGAC-1,2658,4,GRCh38
CTACCTGCAACGGGTA-1,553,1,GRCh38
CTACCTGTCTCGAACA-1,8389,6,GRCh38
CTACGGGTCACCATAG-1,923,0,GRCh38
CTACGGGTCGTTCAGA-1,5430,6,GRCh38
CTAGACAGTCGTGGTC-1,6210,2,GRCh38
CTAGACAGTCTAACTG-1,10903,7,GRCh38
CTAGGTATCTAACGCA-1,5615,25,Multiplet
CTATCCGAGCTGTTAC-1,7737,6,GRCh38
CTCAACCGTGGATGAC-1,9531,1,GRCh38
CTCAACCGTGTGTCGC-1,3141,2,GRCh38
CTCAAGAAGATTACCC-1,7780,14,Multiplet
CTCAAGACATCCTGTC-1,2942,13,Multiplet
CTCAAGAGTCAAAGAT-1,7027,4,GRCh38
CTCAATTTCGGAAGGT-1,10392,8,GRCh38
CTCACTGCACCTTCCA-1,7464,6,GRCh38
CTCAGAACAATTGTGC-1,3203,72,Multiplet
CTCAGGGGTCATCGCG-1,8483,61,Multiplet
CTCAGGGTCTCACCCA-1,11607,11,Multiplet
CTCAGTCAGGGACAGG-1,4495,3,GRCh38
CTCATCGAGAGGCGTT-1,8528,5,GRCh38
CTCATCGTCGTACCTC-1,5708,1,GRCh38
CTCATTAAGGAAGTGA-1,7758,7,GRCh38
CTCATTATCGTACACA-1,14407,13,Multiplet
CTCCAACCAATCTCTT-1,7044,6,GRCh38
CTCCAACGTAGTGTGG-1,7732,3,GRCh38
CTCCATGAGACAGCTG-1,6690,30,Multiplet
CTCCATGGTGTTGACT-1,3906,1,GRCh38
CTCCATGTCATCGTAG-1,8051,6,GRCh38
CTCCATGTCGTCGATA-1,15514,18,Multiplet
CTCCCAATCAATCAGC-1,6474,1,GRCh38
CTCCCTCAGCGCGTTC-1,13049,27,Multiplet
CTCCCTCCACCGGAAA-1,15419,15,Multiplet
CTCCCTCGTTTACGAC-1,4351,8,GRCh38
CTCCCTCTCATCGCTC-1,4396,8,GRCh38
CTCCGATTCCTTTAGT-1,7109,9,GRCh38
CTCCGATTCTTTCTAG-1,5281,10,Multiplet
CTCCTCCTCACCTCTG-1,8376,6,GRCh38
CTCCTTTAGATGCTGG-1,15069,18,Multiplet
CTCCTTTTCTACACTT-1,8339,7,GRCh38
CTCGAGGAGCCTATTG-1,3960,3,GRCh38
CTCGAGGAGGAAAGGT-1,7183,4,GRCh38
CTCTCAGGTTAAGCAA-1,6694,4,GRCh38
CTCTCGATCCATAGGT-1,4599,4,GRCh38
CTCTGGTAGTAGGATT-1,2217,20,Multiplet
CTGAATGAGCTCTATG-1,8844,8,GRCh38
CTGAATGAGGCGAACT-1,5994,1,GRCh38
CTGAGGCGTTCAGCGC-1,4765,8,GRCh38
CTGATCCGTCGCGTCA-1,4703,5,GRCh38
CTGATCCTCCCTCTAG-1,6263,6,GRCh38
CTGATCCTCTCTCCGA-1,995,1,GRCh38
CTGCAGGAGCCATTGT-1,7098,4,GRCh38
CTGCATCAGCGTCAAG-1,2490,0,GRCh38
CTGCATCGTAAGCTCT-1,5804,4,GRCh38
CTGCCATTCAGTGTTG-1,9137,11,Multiplet
CTGCCATTCGGAACTT-1,13481,14,Multiplet
CTGCCTACAAGACTGG-1,4019,1,GRCh38
CTGCCTATCTTGATTC-1,5727,4,GRCh38
CTGCGAGAGATTAGAC-1,6141,4,GRCh38
CTGCGAGAGTGCACTT-1,11530,8,GRCh38
CTGCGAGCAGATTCGT-1,6533,2,GRCh38
CTGCGAGGTAGGTTTC-1,4076,21,Multiplet
CTGCTCACAGCGTTTA-1,14702,16,Multiplet
CTGGACGCAACGATTC-1,10397,3,GRCh38
CTGGACGCACACGGTC-1,9042,8,GRCh38
CTGGACGGTTCCCAAA-1,8501,7,GRCh38
CTGGACGTCTCATTTG-1,12191,16,Multiplet
CTGGCAGGTTGCAAGG-1,1899,1,GRCh38
CTGGCAGTCGTCTCAC-1,6200,4,GRCh38
CTGTCGTAGCTGGCCT-1,7254,1,GRCh38
CTGTGAAAGGAACGCT-1,8426,15,Multiplet
CTGTGAATCATCGCTC-1,6855,5,GRCh38
CTGTGGGGTCGTGATT-1,16651,7,GRCh38
CTTACCGCATGTGGTT-1,616,0,GRCh38
CTTACCGGTTTCTTAC-1,248,10,Multiplet
CTTAGGAGTCTGTGGC-1,3830,2,GRCh38
CTTCAATGTTGGACTT-1,7750,5,GRCh38
CTTCAATTCGAGAGCA-1,891,0,GRCh38
CTTCGGTCACGTTCGG-1,5490,5,GRCh38
CTTCGGTTCCAAGAGG-1,4722,1,GRCh38
CTTCTCTTCCTACAAG-1,7311,3,GRCh38
CTTGAGAAGAATTGCA-1,8185,5,GRCh38
CTTGAGATCCCGAGGT-1,759,2,GRCh38
CTTGATTAGGTAGGCT-1,4681,3,GRCh38
GAAACCTAGGAGGTTC-1,2812,3,GRCh38
GAACACTGTTGGACTT-1,5280,3,GRCh38
GAACGTTGTCAGGAGT-1,6264,4,GRCh38
GAACTGTCATCGAACT-1,7960,1,GRCh38
GAACTGTTCTCAAAGC-1,8108,1,GRCh38
GAAGAATAGGTACAAT-1,10245,8,GRCh38
GAAGCCCCAGGAACCA-1,17879,17,Multiplet
GAAGCGATCAGTAGGG-1,2212,0,GRCh38
GAAGGACGTCTGCCTT-1,10895,17,Multiplet
GAAGGGTTCGCAGATT-1,2785,2,GRCh38
GAAGTAAGTCTAGATC-1,7635,9,GRCh38
GAATCACCAGTGGTGA-1,7472,8,GRCh38
GACACGCCAGTCCGTG-1,5306,3,GRCh38
GACACGCGTTCCAAAC-1,6601,2,GRCh38
GACAGCCGTATCGTGT-1,5905,5,GRCh38
GACATCAGTAACGATA-1,768,8,GRCh38
GACCCTTCAGCGTATT-1,12208,8,GRCh38
GACCCTTCATCATCTT-1,5728,4,GRCh38
GACCTTCCACCTGCGA-1,8415,9,GRCh38
GACCTTCGTCGAGCTC-1,5510,4,GRCh38
GACTATGCAGTCCCGA-1,774,0,GRCh38
GACTATGCATCATTGG-1,13125,12,Multiplet
GACTATGTCCAAGGGA-1,8944,4,GRCh38
GACTCAATCTAGTGAC-1,924,0,GRCh38
GACTCAATCTCCCAAC-1,11204,6,GRCh38
GACTGATTCATCCTAT-1,7810,5,GRCh38
GACTTCCTCCTCTAGC-1,7260,7,GRCh38
GAGAAATCATTGGATC-1,5720,6,GRCh38
GAGACCCAGTAGGATT-1,12823,11,Multiplet
GAGACTTAGTCACTCA-1,6724,2,GRCh38
GAGACTTCAGGCTATT-1,11304,11,Multiplet
GAGAGGTTCATAGACC-1,8224,6,GRCh38
GAGATGGCATGTAACC-1,6907,6,GRCh38
GAGCCTGAGCGCACAA-1,835,0,GRCh38
GAGCCTGAGGCAGCTA-1,13514,7,GRCh38
GAGCCTGCAGTCTCTC-1,5410,5,GRCh38
GAGCCTGGTCCACGCA-1,5848,0,GRCh38
GAGCTGCGTCGGATTT-1,11789,7,GRCh38
GAGGCAAAGTCACGAG-1,4906,3,GRCh38
GAGGGATCACTTGGCG-1,8429,7,GRCh38
GAGGGTACAGTTTCAG-1,8692,3,GRCh38
GAGGGTAGTCAACACT-1,7285,5,GRCh38
GAGGGTATCTGTCCCA-1,8527,5,GRCh38
GAGTCATAGGGTTGCA-1,3934,2,GRCh38
GAGTGAGGTCGGCTAC-1,5439,17,Multiplet
GAGTGTTCACAAGCTT-1,4800,2,GRCh38
GAGTGTTGTACGTAGG-1,4957,4,GRCh38
GAGTTACAGACGACGT-1,7845,2,GRCh38
GAGTTGTAGCGTTACT-1,14958,13,Multiplet
GAGTTGTAGTGCGTCC-1,4858,2,GRCh38
GAGTTGTCACGGTGCT-1,5038,6,GRCh38
GATAGCTGTCGGAAAC-1,14022,12,Multiplet
GATAGCTGTCTGTTAG-1,5501,7,GRCh38
GATAGCTTCGTGCAGC-1,3211,6,GRCh38
GATCACACACCCTGTT-1,51886,38,Multiplet
GATCAGTAGGAACATT-1,5752,3,GRCh38
GATCAGTAGTGCGCTC-1,8167,10,Multiplet
GATCAGTGTTACAGCT-1,3543,4,GRCh38
GATCATGAGGCCTAAG-1,8590,6,GRCh38
GATCCCTAGAGGATGA-1,6725,1,GRCh38
GATCCCTGTAATTAGG-1,6398,5,GRCh38
GATCGTACAGCGCGTT-1,7735,3,GRCh38
GATCGTATCTCTGGTC-1,4165,5,GRCh38
GATGACTTCGTGGCGT-1,6648,4,GRCh38
GATGACTTCTCTAGGA-1,4329,5,GRCh38
GATGAGGCAAATGCGG-1,5569,8,GRCh38
GATGATCGTATGGAAT-1,4782,0,GRCh38
GATGATCGTGTAACGG-1,5395,4,GRCh38
GATGCTAGTACAGGTG-1,5474,6,GRCh38
GATGCTATCCTACGAA-1,2125,1,GRCh38
GATGGAGAGCCAGACA-1,11608,9,GRCh38
GATGGAGCACTTGAAC-1,8387,4,GRCh38
GATGGAGTCTGCGGCA-1,6258,4,GRCh38
GATGGAGTCTTCCAGC-1,5583,1,GRCh38
GATTCGAGTCGCACGT-1,682,1,GRCh38
GATTCTTGTACAGTCT-1,6984,5,GRCh38
GATTGGTAGGCTGGAT-1,1518,0,GRCh38
GATTGGTGTTGAGAGC-1,7049,10,Multiplet
GATTTCTCAAGTGGGT-1,6082,1,GRCh38
GATTTCTGTCGTCGGT-1,1177,1,GRCh38
GATTTCTTCCTTCAGC-1,4877,8,GRCh38
GCAACCGTCATTTCCA-1,5251,3,GRCh38
GCAACCGTCGAACGGA-1,5795,24,Multiplet
GCACGGTAGTAGTCTC-1,7941,10,Multiplet
GCACGGTCACCCAACG-1,4975,50,Multiplet
GCACGTGTCAGACATC-1,4849,5,GRCh38
GCAGCCAAGAGGTCAC-1,6291,2,GRCh38
GCAGCCACATACATCG-1,5329,5,GRCh38
GCAGCCAGTTGCGTAT-1,7787,6,GRCh38
GCAGCCATCACCGGGT-1,6161,4,GRCh38
GCAGCTGGTAAGTTAG-1,14951,12,Multiplet
GCAGCTGGTGGGTCAA-1,5295,8,GRCh38
GCAGCTGTCAAAGCCT-1,13265,9,GRCh38
GCAGCTGTCCTTCTGG-1,7117,5,GRCh38
GCAGTTACACATTCTT-1,4738,3,GRCh38
GCAGTTATCTCTCTTC-1,13066,9,GRCh38
GCATCGGGTAACGATA-1,9558,14,Multiplet
GCCAACGTCTAACGCA-1,6144,6,GRCh38
GCCAACGTCTGCATAG-1,10999,6,GRCh38
GCCAGGTGTTAGAAAC-1,8898,8,GRCh38
GCCAGTGAGTCCTACA-1,4627,9,GRCh38
GCCGATGAGGCGAAGG-1,1796,0,GRCh38
GCCGATGAGTAACCTC-1,5269,2,GRCh38
GCCGATGCATCTTTCA-1,4840,3,GRCh38
GCCGTGACAACGACTT-1,6265,1,GRCh38
GCCGTGACATGCCGGT-1,7725,11,Multiplet
GCCGTGAGTCAGTCCG-1,2833,0,GRCh38
GCCTGTTCACAGTCAT-1,12148,4,GRCh38
GCGAGAAAGTTGTAGA-1,10382,9,GRCh38
GCGAGAATCCTCAGAA-1,5760,5,GRCh38
GCGGAAAGTGTGTCCG-1,5578,3,GRCh38
GCGGATCAGCAACTTC-1,6066,2,GRCh38
GCGTTTCAGTCTAGCT-1,1757,6,GRCh38
GCTACAAGTCAGCTTA-1,1699,3,GRCh38
GCTACCTCACGCACCA-1,11851,21,Multiplet
GCTACCTGTCCTACAA-1,13298,10,Multiplet
GCTGAATAGCACTCTA-1,9066,4,GRCh38
GCTGAATCACACGGAA-1,6967,1,GRCh38
GCTGAATTCGTTAGTG-1,10611,8,GRCh38
GCTGCAGAGGGCAGAG-1,8354,4,GRCh38
GCTGCAGGTGCTGATT-1,7896,5,GRCh38
GCTGCAGGTTGACGGA-1,9869,8,GRCh38
GCTGGGTAGTACAACA-1,4310,5,GRCh38
GCTTCACCAACACGAG-1,19464,23,Multiplet
GCTTGGGAGAAGGTAG-1,16380,10,Multiplet
GCTTTCGAGTGCAAAT-1,10732,3,GRCh38
GCTTTCGGTTCGGGTC-1,5634,9,GRCh38
GCTTTCGTCCGGTAGC-1,7751,2,GRCh38
GCTTTCGTCTGGGTCG-1,16396,15,Multiplet
GGAACCCAGCCATTTG-1,13662,13,Multiplet
GGAACCCTCTAATTCC-1,5251,27,Multiplet
GGAAGTGCAACCCTCT-1,5457,7,GRCh38
GGAATCTCAAACTGCT-1,7955,3,GRCh38
GGAATCTTCAATCTCT-1,10471,5,GRCh38
GGAATGGAGGACTAAT-1,12127,8,GRCh38
GGAATGGCACGACGCT-1,3019,4,GRCh38
GGACGTCGTTCAACGT-1,12091,11,Multiplet
GGAGAACGTGCCCACA-1,2721,1,GRCh38
GGAGGATGTATGAAAC-1,8837,4,GRCh38
GGAGGTAAGGCGTTGA-1,9247,6,GRCh38
GGAGGTATCTGGTGCG-1,3542,7,GRCh38
GGATCTAAGCAATTCC-1,612,0,GRCh38
GGATCTAGTGCCTGCA-1,780,0,GRCh38
GGATCTATCACCTACC-1,6341,1,GRCh38
GGATCTATCATAAGGA-1,6526,6,GRCh38
GGATGTTAGCCGGATA-1,4543,2,GRCh38
GGCACGTAGGCCCGTT-1,699,0,GRCh38
GGCGTCACATTGTGCA-1,3244,2,GRCh38
GGCTGTGCAAAGCTAA-1,1975,5,GRCh38
GGCTGTGCACGGTGAA-1,5807,1,GRCh38
GGCTGTGGTCCACATA-1,6073,3,GRCh38
GGCTTGGCACCGAATT-1,4788,16,Multiplet
GGCTTGGGTAGATCGG-1,6731,8,GRCh38
GGCTTGGTCTTCTTCC-1,2935,0,GRCh38
GGGACAATCCGATCTC-1,14933,7,GRCh38
GGGACCTGTTAGGGAC-1,1450,0,GRCh38
GGGACCTGTTCTTGTT-1,9538,9,GRCh38
GGGACTCCACATATCG-1,6094,1,GRCh38
GGGACTCCACGGGCTT-1,16018,16,Multiplet
GGGAGATCACGGGTAA-1,6735,4,GRCh38
GGGAGATTCACGGACC-1,4906,2,GRCh38
GGGAGTAAGCAGGCAT-1,8601,5,GRCh38
GGGAGTATCACCTCGT-1,2246,0,GRCh38
GGGAGTATCTTAGCCC-1,7219,9,GRCh38
GGGATCCAGGGCAATC-1,4002,3,GRCh38
GGGATGAAGGGAGGGT-1,6885,8,GRCh38
GGGATGAAGTCCCGAC-1,12163,5,GRCh38
GGGCCATTCAGACCGC-1,12892,12,Multiplet
GGGCTACAGACCAAAT-1,7007,3,GRCh38
GGGCTACAGGCAGTCA-1,5707,6,GRCh38
GGGCTCATCGCAATTG-1,7754,2,GRCh38
GGGTAGAAGTAGGGTC-1,5617,4,GRCh38
GGGTCACCAGGAGGTT-1,5652,6,GRCh38
GGGTCACGTCCTTAAG-1,14023,19,Multiplet
GGGTCACTCACAAGGG-1,9405,6,GRCh38
GGGTCTGAGTCAACAA-1,1313,6,GRCh38
GGGTCTGGTTTGAAAG-1,5168,5,GRCh38
GGGTCTGTCCCGTTCA-1,5959,2,GRCh38
GGGTGAACATAAGCAA-1,7550,3,GRCh38
GGGTTATCAGCCATTA-1,8592,9,GRCh38
GGGTTTACACAGAGCA-1,9127,3,GRCh38
GGGTTTACACTAAACC-1,6939,3,GRCh38
GGTAATCCAAAGGAGA-1,4575,3,GRCh38
GGTAATCCACAGCATT-1,7766,6,GRCh38
GGTAATCCATACCACA-1,6810,2,GRCh38
GGTAATCTCAAGTTGC-1,11612,8,GRCh38
GGTAGAGAGACCAGCA-1,7379,5,GRCh38
GGTCACGCAATGGCCC-1,9711,6,GRCh38
GGTCACGGTCGTGATT-1,6606,8,GRCh38
GGTCTGGTCAGACATC-1,5145,4,GRCh38
GGTCTGGTCTCCCAAC-1,9526,6,GRCh38
GGTGATTAGCTGTACT-1,5148,2,GRCh38
GGTGATTCAGCTCGGT-1,10614,8,GRCh38
GGTGGCTGTGCGCTCA-1,4367,1,GRCh38
GGTGTCGCAACGATCT-1,11871,16,Multiplet
GGTGTCGGTGTTATCG-1,6546,16,Multiplet
GGTGTTAGTGGATTTC-1,18455,25,Multiplet
GGTTAACTCACTCACC-1,1385,0,GRCh38
GGTTCTCCAGGTTCCG-1,4875,2,GRCh38
GGTTGTATCGAAGGAC-1,35863,4,GRCh38
GTAACACAGAAAGCGA-1,2935,4,GRCh38
GTAACACAGCTCCGAC-1,12529,7,GRCh38
GTAACACGTAGATGTA-1,5939,2,GRCh38
GTAACACGTGGCGTAA-1,1778,1,GRCh38
GTAAGTCTCGATTGGT-1,6921,3,GRCh38
GTAATCGCAGTTTCGA-1,8557,10,Multiplet
GTAATCGGTTGCGAAG-1,5282,1,GRCh38
GTAATGCCACCAGTAT-1,10694,8,GRCh38
GTACAACAGATAGCTA-1,4951,3,GRCh38
GTAGAAACATGGACAG-1,7287,3,GRCh38
GTAGAAATCTGAGATC-1,12614,11,Multiplet
GTAGAGGCAACTTCTT-1,3767,2,GRCh38
GTAGATCCATCCCGTT-1,9772,5,GRCh38
GTAGCTATCTCATGGA-1,12998,5,GRCh38
GTAGGAGTCCGTCACT-1,2753,2,GRCh38
GTAGGTTCAGAAGCGT-1,5891,5,GRCh38
GTAGGTTGTGTTCGTA-1,5049,5,GRCh38
GTAGTACCACCCTATC-1,13669,6,GRCh38
GTAGTACTCTGTGTGA-1,20390,7,GRCh38
GTATTTCAGAAGAGCA-1,6709,6,GRCh38
GTCAAACCAAGCACCC-1,7965,12,Multiplet
GTCAAACTCAATGCAC-1,992,1,GRCh38
GTCAAGTCAATACCTG-1,2022,0,GRCh38
GTCACGGAGCGGGTTA-1,7607,1,GRCh38
GTCACGGCACCGTACG-1,8207,9,GRCh38
GTCACTCTCTTGAACG-1,6478,3,GRCh38
GTCATGAAGACTCATC-1,811,0,GRCh38
GTCATGAAGTTTGGCT-1,10878,10,Multiplet
GTCATGACATTGGATC-1,4312,12,Multiplet
GTCATTTCAAGAGAGA-1,4430,1,GRCh38
GTCATTTGTACGACTT-1,1250,64,Multiplet
GTCATTTTCCTAGAGT-1,3794,2,GRCh38
GTCCCATCATGCCGAC-1,5253,3,GRCh38
GTCCTCAAGTCACGAG-1,8023,2,GRCh38
GTCGAATAGGAGTATT-1,4286,6,GRCh38
GTCGAATCAGAACCGA-1,5339,2,GRCh38
GTCGAATGTCAAGCGA-1,4663,4,GRCh38
GTCGCGAAGCAGCGAT-1,4382,2,GRCh38
GTCGCGAGTTTACCTT-1,5512,1,GRCh38
GTCTACCCAGGAAGTC-1,5787,3,GRCh38
GTCTAGACAATGCAGG-1,1007,0,GRCh38
GTCTAGAGTATGTCAC-1,17365,6,GRCh38
GTCTAGATCGAGAGAC-1,8511,4,GRCh38
GTCTGTCAGATACGAT-1,7164,4,GRCh38
GTCTGTCTCGAGCCTG-1,4840,3,GRCh38
GTGAGCCCATCTTCGC-1,865,3,GRCh38
GTGAGCCGTGATCGTT-1,2866,2,GRCh38
GTGAGCCTCTGGAAGG-1,8517,6,GRCh38
GTGAGGAAGCATTGAA-1,5624,2,GRCh38
GTGAGGACACAACATC-1,6982,6,GRCh38
GTGAGGACACTTTAGG-1,6119,5,GRCh38
GTGAGTTTCCAATGCA-1,5540,3,GRCh38
GTGATGTAGACATCAA-1,6477,3,GRCh38
GTGCGTGAGCTTCTAG-1,14336,7,GRCh38
GTGCTGGCAGGCTACC-1,5251,4,GRCh38
GTGCTGGTCAAACCTG-1,8382,10,Multiplet
GTGCTTCAGACCATAA-1,7845,3,GRCh38
GTGCTTCCACTCATAG-1,5049,3,GRCh38
GTGCTTCGTCGCTTGG-1,6542,4,GRCh38
GTGGAAGAGCCAAGTG-1,9835,15,Multiplet
GTGGCGTAGAATAACC-1,5062,3,GRCh38
GTGGCGTCAATCGAAA-1,5174,8,GRCh38
GTGGGAAAGGTCGTAG-1,5026,3,GRCh38
GTGGGAACATGAGTAA-1,6408,7,GRCh38
GTGGTTAAGTAACCGG-1,2522,4,GRCh38
GTGTAACTCTTGGTGA-1,3895,3,GRCh38
GTGTCCTAGTCGGCCT-1,4203,4,GRCh38
GTGTCCTCAGTTGTTG-1,10257,6,GRCh38
GTGTCCTGTGGCCTCA-1,7814,10,Multiplet
GTGTGATCACTACGGC-1,7444,5,GRCh38
GTGTGATTCTTACGTT-1,4852,1,GRCh38
GTGTGGCAGGTACTGG-1,19763,7,GRCh38
GTGTGGCAGGTAGTCG-1,7336,8,GRCh38
GTGTGGCGTAAGTTGA-1,1271,2,GRCh38
GTGTGGCTCACCACAA-1,8191,3,GRCh38
GTGTTAGAGACGGTCA-1,874,0,GRCh38
GTGTTCCAGGTGCCTC-1,2187,6,GRCh38
GTGTTCCGTAGTTCCA-1,3782,4,GRCh38
GTTACAGAGGGCTAAC-1,708,2,GRCh38
GTTACAGAGTGTAGTA-1,5636,1,GRCh38
GTTACAGCAAATCAGA-1,5093,4,GRCh38
GTTACGAGTATGAGAT-1,12578,4,GRCh38
GTTAGTGAGAACGTGC-1,7837,2,GRCh38
GTTAGTGCACCTCTAC-1,17921,16,Multiplet
GTTCATTTCCGATGCG-1,786,0,GRCh38
GTTCCGTAGTTGCCCG-1,7402,11,Multiplet
GTTCCGTCACCCGTAG-1,6324,16,Multiplet
GTTCTATCAAATGAGT-1,6086,4,GRCh38
GTTCTATCACGTGTGC-1,5976,5,GRCh38
GTTCTATTCTACACTT-1,5595,3,GRCh38
GTTGAACAGGAACATT-1,5373,3,GRCh38
GTTGAACGTACCCGCA-1,14671,35,Multiplet
GTTGCGGAGCTGCCTG-1,7378,6,GRCh38
GTTGCTCAGTTTCGAC-1,4781,4,GRCh38
GTTGCTCTCATTTCCA-1,6837,5,GRCh38
GTTGTAGCAGTTCTAG-1,6311,5,GRCh38
GTTGTGAAGACCTTTG-1,676,0,GRCh38
GTTGTGATCTCGGTCT-1,7509,13,Multiplet
GTTTGGAGTGTATACC-1,4880,4,GRCh38
TAACGACCACATATGC-1,7080,3,GRCh38
TAACGACGTGCCTACG-1,1789,5,GRCh38
TAACTTCGTTGTGGAG-1,4673,3,GRCh38
TAAGCACAGAAGCTGC-1,6876,6,GRCh38
TAAGCACTCACCATAG-1,4638,9,GRCh38
TAAGCCAGTCCAACGC-1,1331,7,GRCh38
TAAGCCATCTGGCCTT-1,4660,6,GRCh38
TAAGCGTTCGTTGCCT-1,3503,6,GRCh38
TAAGCGTTCTGTCGTC-1,6340,1,GRCh38
TAATTCCCACTCCGGA-1,7396,5,GRCh38
TAATTCCGTATTGACC-1,12817,3,GRCh38
TAATTCCGTCAGTCCG-1,7911,4,GRCh38
TACAACGCAAAGGTTA-1,7092,3,GRCh38
TACAACGCATAGATCC-1,6523,5,GRCh38
TACACCCTCGACTCCT-1,7581,2,GRCh38
TACAGGTTCCTTACCG-1,9633,8,GRCh38
TACATTCGTGGCTTAT-1,9872,7,GRCh38
TACCGGGTCCTCGATC-1,942,0,GRCh38
TACCTCGCACCCAACG-1,7554,4,GRCh38
TACCTGCAGTCACGCC-1,1600,2,GRCh38
TACCTGCAGTCTGCAT-1,8750,5,GRCh38
TACCTGCTCCAAGCTA-1,5422,5,GRCh38
TACGCTCGTCAATCTG-1,825,0,GRCh38
TACGCTCTCTCGGTCT-1,16388,12,Multiplet
TACGCTCTCTTAAGGC-1,5809,1,GRCh38
TACGGGCTCAACGAGG-1,7549,8,GRCh38
TACGGGCTCTACCACC-1,6375,2,GRCh38
TACGTCCCAAGTGATA-1,8628,15,Multiplet
TACGTCCCATGTGTCA-1,4294,6,GRCh38
TACTTACAGGCATCTT-1,734,0,GRCh38
TACTTCATCATGCCGG-1,7196,6,GRCh38
TAGACCAGTCTCGGGT-1,2785,9,GRCh38
TAGACTGAGATTGTGA-1,6885,3,GRCh38
TAGACTGGTCTTGAAC-1,8377,9,GRCh38
TAGACTGTCGCCGAGT-1,12898,9,GRCh38
TAGAGTCGTTGTGTAC-1,10592,12,Multiplet
TAGATCGCAAATGGTA-1,6949,4,GRCh38
TAGATCGCACACGCCA-1,6166,3,GRCh38
TAGATCGTCACAACCA-1,14199,17,Multiplet
TAGCACAAGTACTCGT-1,4771,1,GRCh38
TAGGAGGCAAGACCTT-1,3459,1,GRCh38
TAGGAGGGTTCCAGGC-1,6442,15,Multiplet
TAGGGTTAGAGAGCGG-1,7151,5,GRCh38
TAGGGTTAGGAACATT-1,5573,21,Multiplet
TAGGTACGTGTCATCA-1,14681,11,Multiplet
TAGGTACTCGAAGCAG-1,5156,2,GRCh38
TAGTGCACACTCGATA-1,9237,6,GRCh38
TAGTGCACAGAGGAAA-1,15275,15,Multiplet
TATACCTGTTCTCGTC-1,7437,6,GRCh38
TATACCTTCTGTCCGT-1,8825,15,Multiplet
TATATCCCATGCGTGC-1,4692,5,GRCh38
TATCGCCTCTCCCAAC-1,20265,13,Multiplet
TATCTTGTCCATCTCG-1,29288,8,GRCh38
TATCTTGTCGGCTTGG-1,863,12,Multiplet
TATGTTCAGTATGGAT-1,5710,3,GRCh38
TATTGCTTCTCGAACA-1,5207,5,GRCh38
TCAAGCATCCACTTTA-1,8738,8,GRCh38
TCAATCTAGAGGTTTA-1,6788,2,GRCh38
TCAATCTGTTTCCCAC-1,5525,4,GRCh38
TCACAAGGTAGTGGCA-1,7892,5,GRCh38
TCACAAGGTGGATACG-1,11118,10,Multiplet
TCACACCCACCAGCCA-1,16642,9,GRCh38
TCACACCGTCTCACGG-1,8687,2,GRCh38
TCACACCGTTAAACCC-1,12645,12,Multiplet
TCACACCTCTGGGAGA-1,4326,2,GRCh38
TCACACCTCTTACCAT-1,5636,6,GRCh38
TCACATTCAGAACTAA-1,12701,7,GRCh38
TCACATTCATGCCATA-1,8655,10,Multiplet
TCACGCTAGGACATCG-1,7199,4,GRCh38
TCACGCTGTCTGCCTT-1,6494,7,GRCh38
TCACGCTTCACTAGCA-1,8299,4,GRCh38
TCACGCTTCGCTGACG-1,503,1,GRCh38
TCACGCTTCGGACTGC-1,7282,5,GRCh38
TCACGGGCAACCGACC-1,15795,22,Multiplet
TCACTATGTTTAGACC-1,7456,5,GRCh38
TCACTCGCAAAGCAAT-1,13974,4,GRCh38
TCACTCGGTCAACCAT-1,7831,8,GRCh38
TCACTCGTCGGTCATA-1,12251,6,GRCh38
TCAGCAACAAATCAAG-1,13116,3,GRCh38
TCAGCAAGTATGACAA-1,18715,9,GRCh38
TCAGGGCTCATGCGGC-1,9581,8,GRCh38
TCAGGTACAATCGCAT-1,4726,13,Multiplet
TCAGGTAGTATGGTAA-1,7655,7,GRCh38
TCAGTCCGTAAGATCA-1,14186,9,GRCh38
TCAGTCCGTCTCTCAC-1,9735,12,Multiplet
TCAGTTTAGGATATAC-1,11938,2,GRCh38
TCATACTCAGGTACGA-1,5788,4,GRCh38
TCATACTTCAGAGCAG-1,6086,3,GRCh38
TCATATCCATGCTGCG-1,11414,8,GRCh38
TCATCATAGCACACAG-1,12107,25,Multiplet
TCATCATGTTGCACGC-1,7434,7,GRCh38
TCATCCGTCCAACTGA-1,5791,1,GRCh38
TCATGAGCAAGGCAAC-1,572,0,GRCh38
TCATGCCCAAAGCGTG-1,6511,4,GRCh38
TCATGCCGTGTCTTAG-1,7426,7,GRCh38
TCATGTTAGAGGCGGA-1,5456,4,GRCh38
TCATGTTGTGTGTGTT-1,4478,6,GRCh38
TCATTACGTGCATGAG-1,5170,4,GRCh38
TCATTGTGTGAGCAGT-1,5931,6,GRCh38
TCCATCGGTTTAGTCG-1,7220,8,GRCh38
TCCCACACACTAGAGG-1,891,0,GRCh38
TCCCACACAGACCAAG-1,10056,8,GRCh38
TCCCAGTAGACCGTTT-1,8630,4,GRCh38
TCCCAGTTCGACATAC-1,8548,9,GRCh38
TCCCATGTCGGCCCAA-1,3536,2,GRCh38
TCCGATCTCAAACCTG-1,7606,4,GRCh38
TCCGGGACACGGGCTT-1,619,1,GRCh38
TCCTCCCAGTCTAACC-1,8476,15,Multiplet
TCCTCGATCTCTCGAC-1,4983,6,GRCh38
TCCTCTTAGAGTGAAG-1,12071,9,GRCh38
TCCTCTTAGCCAAGGT-1,18676,12,Multiplet
TCCTTCTCAACTCGTA-1,20085,6,GRCh38
TCCTTTCTCGCTGTCT-1,13551,5,GRCh38
TCGAAGTGTATCAGGG-1,5895,8,GRCh38
TCGACCTCAAAGACTA-1,6626,4,GRCh38
TCGACCTCAAGTAGTA-1,31244,6,GRCh38
TCGACGGTCGAAGTGG-1,6057,6,GRCh38
TCGATTTGTACGCTTA-1,8116,5,GRCh38
TCGCAGGAGATTGACA-1,7585,10,Multiplet
TCGCAGGGTAGGCTCC-1,6474,7,GRCh38
TCGCAGGGTTCTAACG-1,8090,1,GRCh38
TCGCTCACAAGATTGA-1,6973,4,GRCh38
TCGCTTGAGAGACAAG-1,6405,3,GRCh38
TCGCTTGAGCATTTGC-1,6533,4,GRCh38
TCGGGACGTAACGGTG-1,1433,0,GRCh38
TCGGGACTCTAGATCG-1,7886,6,GRCh38
TCGGGCACAGTTACCA-1,2463,6,GRCh38
TCGGGCATCCGATTAG-1,6892,9,GRCh38
TCGGGCATCTGAACGT-1,10834,11,Multiplet
TCGGGTGCAGTCTGGC-1,3432,3,GRCh38
TCGGTCTTCATTGCTT-1,6646,4,GRCh38
TCGGTCTTCGACATAC-1,6762,5,GRCh38
TCGTAGACAATGAAAC-1,10775,7,GRCh38
TCGTGCTGTAAGGAGA-1,4040,1,GRCh38
TCGTGCTGTGATCATC-1,7580,4,GRCh38
TCGTGGGCAGAAGTGC-1,557,0,GRCh38
TCTAACTAGGTCCAGA-1,3834,9,GRCh38
TCTACCGCAGTCGTTA-1,6824,2,GRCh38
TCTACCGTCCACGGAC-1,5228,3,GRCh38
TCTATACGTTATCCAG-1,12976,13,Multiplet
TCTATCAGTATGCTAC-1,10357,5,GRCh38
TCTATCAGTTGCCGAC-1,3340,9,GRCh38
TCTCACGAGGCTCCCA-1,5829,6,GRCh38
TCTCCGAAGTCAATCC-1,19483,56,Multiplet
TCTCCGATCTCTCTTC-1,12745,9,GRCh38
TCTCTGGCAAAGCAAT-1,12901,6,GRCh38
TCTGCCAAGTTACGGG-1,4528,18,Multiplet
TCTGCCAGTAACGCGA-1,6284,2,GRCh38
TCTGCCAGTAGATGTA-1,15741,48,Multiplet
TCTGGCTCATCCTGTC-1,8237,7,GRCh38
TCTGTCGAGACTAGAT-1,7511,1,GRCh38
TCTGTCGCACCAGCGT-1,7262,4,GRCh38
TCTTAGTAGGCCTGCT-1,8061,10,Multiplet
TCTTAGTCAACACGAG-1,13052,8,GRCh38
TCTTAGTGTTGCCAAT-1,14634,14,Multiplet
TCTTAGTTCAGAATAG-1,5703,4,GRCh38
TCTTCCTCACCAAAGG-1,688,1,GRCh38
TCTTGCGAGATGAAGG-1,4970,4,GRCh38
TCTTGCGCACTACTTT-1,4903,9,GRCh38
TCTTGCGCAGAGGAAA-1,7624,6,GRCh38
TCTTGCGGTCCAGCCA-1,8119,3,GRCh38
TCTTTGAGTGGAGAAA-1,4926,6,GRCh38
TGAACGTCAAATGAAC-1,6010,4,GRCh38
TGAACGTGTAACTAAG-1,9881,1,GRCh38
TGAACGTGTCCATAGT-1,1742,3,GRCh38
TGAATGCGTGGACTAG-1,5297,4,GRCh38
TGAATGCTCGACGAGA-1,13650,17,Multiplet
TGAATGCTCGCCGTGA-1,11511,12,Multiplet
TGACAGTTCGAGATGG-1,4754,1,GRCh38
TGACCCTTCTCATTGT-1,9543,8,GRCh38
TGACGCGGTGGCTTAT-1,4146,2,GRCh38
TGACTCCAGTCTCCTC-1,7782,4,GRCh38
TGACTCCCACCATAAC-1,8124,8,GRCh38
TGAGACTAGGCTGAAC-1,6168,2,GRCh38
TGAGCATTCCATTGCC-1,5617,10,Multiplet
TGAGCATTCCTTCACG-1,5703,3,GRCh38
TGAGCATTCGATACTG-1,7656,2,GRCh38
TGAGCATTCTGTCTCG-1,8593,25,Multiplet
TGAGCGCCACTATGTG-1,13411,9,GRCh38
TGAGCGCCAGCATACT-1,14663,29,Multiplet
TGAGCGCTCGTCTAAG-1,6111,4,GRCh38
TGAGGAGTCCATCGTC-1,11592,10,Multiplet
TGAGGGATCAAACGTC-1,6421,7,GRCh38
TGAGGGATCATAAGGA-1,2571,0,GRCh38
TGAGGTTCAAACTAGA-1,5340,1,GRCh38
TGAGGTTCAGGACATG-1,16333,12,Multiplet
TGAGGTTGTAGCTTTG-1,18109,6,GRCh38
TGAGTCACAGAACGCA-1,13249,15,Multiplet
TGAGTCAGTAACCCTA-1,4645,1,GRCh38
TGAGTCAGTCACTCTC-1,9719,6,GRCh38
TGATCAGAGGATTCAA-1,16282,25,Multiplet
TGATGCACAGGGCTTC-1,6114,1,GRCh38
TGATGGTAGACCCGCT-1,7517,2,GRCh38
TGATTCTGTAGGTACG-1,628,0,GRCh38
TGCACGGTCGAGTACT-1,3782,3,GRCh38
TGCAGGCAGCGTTCAT-1,3576,7,GRCh38
TGCAGGCCAGGAATAT-1,5640,2,GRCh38
TGCAGTAAGTAGTCCT-1,4815,17,Multiplet
TGCAGTATCCACATAG-1,9816,20,Multiplet
TGCATCCCACCCAACG-1,3035,0,GRCh38
TGCATGAAGCACCCAC-1,8525,7,GRCh38
TGCGACGAGCGACAGT-1,4902,2,GRCh38
TGCGATAAGAATCGCG-1,7519,4,GRCh38
TGCGGCAAGTGGTGAC-1,6769,4,GRCh38
TGCGGCACAAAGACGC-1,8140,2,GRCh38
TGCTCCACAATCTAGC-1,6906,1,GRCh38
TGCTCGTAGACGAGCT-1,7782,1,GRCh38
TGCTCGTTCCCATTTA-1,5367,1,GRCh38
TGCTGAACAGCACAAG-1,7352,6,GRCh38
TGCTTCGCATAGCTGT-1,3518,0,GRCh38
TGCTTGCGTGAACTAA-1,6054,2,GRCh38
TGGAACTAGCGTCTCG-1,8036,4,GRCh38
TGGAGAGCAGTCAGTT-1,3933,3,GRCh38
TGGAGGAAGTAGGAAG-1,6265,3,GRCh38
TGGAGGAGTCTTTATC-1,1653,2,GRCh38
TGGAGGATCGACATTG-1,1740,0,GRCh38
TGGATCAGTTCTCCCA-1,6420,1,GRCh38
TGGATGTTCACGGGAA-1,4404,5,GRCh38
TGGATGTTCTATCCAT-1,864,0,GRCh38
TGGCGTGGTGGATTTC-1,4025,1,GRCh38
TGGGAAGTCGATTGGT-1,4705,3,GRCh38
TGGGAGAAGCAAGTGC-1,4413,1,GRCh38
TGGGAGAAGTGGTGGT-1,14209,12,Multiplet
TGGGATTAGTCACGAG-1,5884,5,GRCh38
TGGGATTGTACGATGG-1,15152,8,GRCh38
TGGGCGTAGTGGAATT-1,5019,5,GRCh38
TGGGCGTCAAATTGCC-1,1520,10,Multiplet
TGGGCTGAGAGGGTCT-1,5911,8,GRCh38
TGGGCTGAGCGTTAGG-1,15293,10,Multiplet
TGGGCTGCATCCGATA-1,12358,8,GRCh38
TGGGCTGGTCGCGGTT-1,5008,5,GRCh38
TGGGTTAGTATTGAGA-1,13383,5,GRCh38
TGGGTTAGTGCACGCT-1,3955,2,GRCh38
TGGGTTATCAGTAGGG-1,11577,8,GRCh38
TGGTACACAAAGGGTC-1,7850,3,GRCh38
TGGTAGTCAGGCATGA-1,7808,4,GRCh38
TGGTAGTCATCACAGT-1,4854,2,GRCh38
TGGTAGTTCCCTCATG-1,5556,1,GRCh38
TGGTTAGTCAACCTTT-1,1864,0,GRCh38
TGTAACGGTTGCGTAT-1,568,0,GRCh38
TGTACAGAGACTCGAG-1,14210,10,Multiplet
TGTACAGAGTGAGTTA-1,10429,5,GRCh38
TGTACAGGTGGATTTC-1,6952,4,GRCh38
TGTAGACTCCATTTAC-1,12051,12,Multiplet
TGTCAGACAACTTGGT-1,7762,6,GRCh38
TGTCAGACACTCACTC-1,8279,3,GRCh38
TGTCCACCAACTGGTT-1,6293,4,GRCh38
TGTCCACTCGCTTACC-1,22554,6,GRCh38
TGTCCCAAGCTCCATA-1,5680,1,GRCh38
TGTCCCAAGGTCATAA-1,4897,1,GRCh38
TGTCCCACATACTTTC-1,5827,5,GRCh38
TGTCCCAGTCAGGCAA-1,7170,6,GRCh38
TGTCCCAGTCGGTGTC-1,8005,10,Multiplet
TGTCCTGGTACTTGTG-1,5778,4,GRCh38
TGTCCTGGTTGGCTAT-1,5842,25,Multiplet
TGTCCTGTCGGCTATA-1,1940,0,GRCh38
TGTGATGAGCGACTGA-1,4932,5,GRCh38
TGTGATGCATTCTCTA-1,8208,3,GRCh38
TGTGCGGGTCGTCGGT-1,7014,5,GRCh38
TGTGCGGTCACATACG-1,15951,35,Multiplet
TGTGGCGTCGTACCTC-1,3090,9,GRCh38
TGTGTGATCTGACAGT-1,6186,5,GRCh38
TGTTCATAGCTGCCTG-1,24381,8,GRCh38
TGTTCATGTCCTGGGT-1,6353,6,GRCh38
TGTTCCGCAAGTATAG-1,3634,6,GRCh38
TGTTGAGCACAACGAG-1,4823,2,GRCh38
TGTTGAGTCTCGACCT-1,4829,1,GRCh38
TGTTTGTGTGGAAATT-1,20241,20,Multiplet
TTAATCCAGCTACTAC-1,16711,9,GRCh38
TTACAGGGTGATTCTG-1,5185,2,GRCh38
TTACCGCGTCCGAAAG-1,11991,3,GRCh38
TTACGCCCACGTCGTG-1,7641,3,GRCh38
TTACGCCTCAATGCAC-1,4096,0,GRCh38
TTACGTTGTTTACGAC-1,14959,11,Multiplet
TTACGTTTCTCGCTTG-1,8418,6,GRCh38
TTACTGTCATACATCG-1,5794,3,GRCh38
TTACTGTGTAAGAACT-1,4783,1,GRCh38
TTACTGTGTTAAGGGC-1,5879,16,Multiplet
TTAGGGTCAGGTCAGA-1,1207,5,GRCh38
TTAGGGTGTCACATTG-1,6980,6,GRCh38
TTAGTCTCACGTATAC-1,6357,5,GRCh38
TTATTGCCAAACGGCA-1,6603,4,GRCh38
TTATTGCGTACGTAGG-1,5601,5,GRCh38
TTATTGCGTCAACACT-1,4316,0,GRCh38
TTATTGCGTGTCTTCC-1,8782,5,GRCh38
TTCACCGCAGCCCAGT-1,5823,3,GRCh38
TTCACGCGTTAAGTCC-1,6593,1,GRCh38
TTCACGCTCTATCCAT-1,5962,8,GRCh38
TTCAGGAAGATTGGGC-1,4398,0,GRCh38
TTCAGGAGTCTACAAC-1,7084,3,GRCh38
TTCATGTAGGTCATAA-1,6572,3,GRCh38
TTCATTGGTACGAAAT-1,1893,0,GRCh38
TTCCACGAGGAAGTGA-1,973,2,GRCh38
TTCCACGGTCAACACT-1,11370,6,GRCh38
TTCCGTGCACTCACTC-1,6911,2,GRCh38
TTCCGTGGTTCCAGGC-1,7971,9,GRCh38
TTCCTAAGTGACGTCC-1,913,0,GRCh38
TTCCTCTGTACCTGTA-1,11190,12,Multiplet
TTCCTTCAGCCTCAAT-1,655,0,GRCh38
TTCCTTCAGGTAGTCG-1,3583,1,GRCh38
TTCCTTCAGTAGTCAA-1,4520,7,GRCh38
TTCCTTCGTGACACGA-1,8854,6,GRCh38
TTCGATTTCTGACCCT-1,616,0,GRCh38
TTCGCTGAGGGTTAGC-1,11847,5,GRCh38
TTCGCTGAGGTTCCGC-1,2038,3,GRCh38
TTCGCTGCACTAGTAC-1,5912,14,Multiplet
TTCGCTGTCGGACTGC-1,5548,4,GRCh38
TTCTCTCGTATCGTAC-1,7969,7,GRCh38
TTCTTGAGTCTTGCTC-1,6641,14,Multiplet
TTGACCCGTCTCGGGT-1,5872,7,GRCh38
TTGACCCTCGTAGTGT-1,6410,4,GRCh38
TTGATGGCATAAGATG-1,4388,1,GRCh38
TTGATGGTCGCTAAAC-1,589,0,GRCh38
TTGCATTGTGCCTTCT-1,9574,8,GRCh38
TTGCCTGAGAGTGACC-1,11751,7,GRCh38
TTGCCTGAGTGGAAAG-1,10129,6,GRCh38
TTGCCTGGTAGCTGCC-1,14277,24,Multiplet
TTGCTGCCATTGCCGG-1,13271,6,GRCh38
TTGGGATCAACGGGTA-1,6626,4,GRCh38
TTGGGATTCAGGAAGC-1,13112,17,Multiplet
TTGGGATTCTCTCTAA-1,9502,4,GRCh38
TTGGGCGCACGGTGAA-1,5050,3,GRCh38
TTGGGCGGTCGGAAAC-1,4134,3,GRCh38
TTGGGTAGTGCTAGCC-1,9185,4,GRCh38
TTGGGTATCACCGACG-1,4046,0,GRCh38
TTGGTTTCACTGGATT-1,5085,3,GRCh38
TTGTGGATCTAAGAAG-1,6586,4,GRCh38
TTGTGTTGTGTGTCCG-1,5773,0,GRCh38
TTGTTCACACTTGTGA-1,24965,13,Multiplet
TTGTTCACAGTCGCTG-1,11069,17,Multiplet
TTGTTCATCTTTACAC-1,3368,3,GRCh38
TTGTTTGAGGTCGACA-1,5560,4,GRCh38
TTGTTTGTCCAACCGG-1,2560,1,GRCh38
TTTACTGTCACGGGAA-1,2852,35,Multiplet
TTTATGCCAGTGGCTC-1,854,0,GRCh38
TTTATGCGTAACATAG-1,10493,4,GRCh38
TTTATGCGTTGATCGT-1,9742,4,GRCh38
TTTATGCTCACTCGAA-1,679,0,GRCh38
TTTCACATCGACGCTG-1,2203,1,GRCh38
TTTCACATCTCAGGCG-1,4583,9,GRCh38
TTTCATGGTGCCTAAT-1,7463,5,GRCh38
TTTCATGTCACTCACC-1,8067,7,GRCh38
TTTCCTCCACAGAGCA-1,4473,31,Multiplet
TTTCCTCTCCTACACC-1,7585,5,GRCh38
TTTCCTCTCTCTTGCG-1,11670,6,GRCh38
TTTGATCTCTTTGGAG-1,7298,5,GRCh38
TTTGGTTAGTAACCTC-1,4476,2,GRCh38
TTTGGTTGTAGAATAC-1,9702,6,GRCh38
TTTGTTGCAATTAGGA-1,4400,1,GRCh38
